Bench,Mode,Frequency,Prefetch,Wait states,Energy,Duration,HW Cycles (with ITs),Avg power,Avg power,Avg current,Avg voltage,Benchmark,Executed insns (no MULS),MULS insns,Taken branches,RAM data reads,RAM insn reads,RAM writes,Flash data reads,Flash insn reads,Flash writes,BL insns,BL word-aligned,PUSH/POP PC/LR
CE_Benchmark-CE-CONV-OPT1-x1-12-12-3-12-Og-v3-v3,0,20000000,0,1,0.888493,50.2792,1005584000,0.0176712,0.00576016,3.06782,CE_Benchmark-CE-CONV-OPT1-x1-12-12-3-12-Og,475809315,68949100,29592304,58608601,0,2836600,1401,296467210,0,1001,600,600
CE_Benchmark-CE-CONV-OPT1-x1-12-12-3-12-Os-v3-v3,0,20000000,0,1,0.781262,43.3498,866996000,0.0180223,0.00587354,3.06839,CE_Benchmark-CE-CONV-OPT1-x1-12-12-3-12-Os,360390311,18667100,35735403,130242601,0,32058800,1501,206366406,0,1001,501,600
CE_Benchmark-CE-CONV-OPT1-x1-12-20-1-4-Og-v3-v3,0,20000000,0,1,0.130346,7.52921,150584200,0.017312,0.00564264,3.06808,CE_Benchmark-CE-CONV-OPT1-x1-12-20-1-4-Og,66935115,10542700,4790304,13555201,0,1412600,1401,41695010,0,1001,600,600
CE_Benchmark-CE-CONV-OPT1-x1-12-20-1-4-Os-v3-v3,0,20000000,0,1,0.124022,7.11456,142291200,0.0174321,0.00568219,3.06788,CE_Benchmark-CE-CONV-OPT1-x1-12-20-1-4-Os,60723711,1155100,5920003,19001201,0,6084400,1501,35629806,0,1001,501,600
CE_Benchmark-CE-CONV-OPT1-x1-12-20-3-4-Og-v3-v3,0,20000000,0,1,0.491078,27.7438,554876000,0.0177005,0.00576955,3.06792,CE_Benchmark-CE-CONV-OPT1-x1-12-20-3-4-Og,262772815,38190700,16314904,31984901,0,1412600,1401,163809310,0,1001,600,600
CE_Benchmark-CE-CONV-OPT1-x1-12-20-3-4-Os-v3-v3,0,20000000,0,1,0.431779,23.9361,478722000,0.0180388,0.00587958,3.06805,CE_Benchmark-CE-CONV-OPT1-x1-12-20-3-4-Os,198956811,10371100,19746303,71990901,0,17604400,1501,113963506,0,1001,501,600
CE_Benchmark-CE-CONV-OPT1-x1-20-4-9-4-Og-v3-v3,0,20000000,0,1,1.94649,110.482,2209640000,0.0176181,0.00574232,3.06811,CE_Benchmark-CE-CONV-OPT1-x1-20-4-9-4-Og,1061245015,159841900,59398104,111819701,0,1323000,1401,666127710,0,1001,600,600
CE_Benchmark-CE-CONV-OPT1-x1-20-4-9-4-Os-v3-v3,0,20000000,0,1,1.5203,83.8569,1677138000,0.0181297,0.005909,3.06816,CE_Benchmark-CE-CONV-OPT1-x1-20-4-9-4-Os,682929011,51843100,65077103,283070501,0,60372400,1501,380409106,0,1001,501,600
CE_Benchmark-CE-CONV-OPT1-x1-4-4-11-4-Og-v3-v3,0,20000000,0,1,0.112959,6.49525,129905000,0.017391,0.00566775,3.06843,CE_Benchmark-CE-CONV-OPT1-x1-4-4-11-4-Og,62439615,9467500,3457504,6541701,0,68600,1401,39230110,0,1001,600,600
CE_Benchmark-CE-CONV-OPT1-x1-4-4-11-4-Os-v3-v3,0,20000000,0,1,0.0890236,4.85894,97178799,0.0183216,0.00597101,3.06845,CE_Benchmark-CE-CONV-OPT1-x1-4-4-11-4-Os,39494011,3100700,3736903,16627701,0,3508400,1501,21925106,0,1001,501,600
CE_Benchmark-CE-CONV-OPT1-x1-4-4-5-36-Og-v3-v3,0,20000000,0,1,0.237786,13.4996,269992000,0.0176143,0.00574035,3.06851,CE_Benchmark-CE-CONV-OPT1-x1-4-4-5-36-Og,128934215,18837100,7594704,14565901,0,542200,1401,80556310,0,1001,600,600
CE_Benchmark-CE-CONV-OPT1-x1-4-4-5-36-Os-v3-v3,0,20000000,0,1,0.197617,10.9042,218084000,0.018123,0.00590692,3.06811,CE_Benchmark-CE-CONV-OPT1-x1-4-4-5-36-Os,89707411,5769500,8723903,34837501,0,8001200,1501,50608506,0,1001,501,600
CE_Benchmark-CE-CONV-OPT2-x1-12-12-3-12-Og-v3-v3,0,20000000,0,1,0.925026,53.0156,1060312000,0.0174482,0.00568661,3.06829,CE_Benchmark-CE-CONV-OPT2-x1-12-12-3-12-Og,513133915,68949100,29592304,58608601,0,2836500,1401,313055910,0,1001,600,600
CE_Benchmark-CE-CONV-OPT2-x1-12-12-3-12-Os-v3-v3,0,20000000,0,1,1.08685,61.8296,1236592000,0.0175782,0.00572923,3.06817,CE_Benchmark-CE-CONV-OPT2-x1-12-12-3-12-Os,561955511,18667100,29687403,182382601,0,48803600,1501,318612006,0,1001,501,600
CE_Benchmark-CE-CONV-OPT2-x1-12-20-1-4-Og-v3-v3,0,20000000,0,1,0.136739,7.9962,159924000,0.0171005,0.00557315,3.06839,CE_Benchmark-CE-CONV-OPT2-x1-12-20-1-4-Og,73846915,10542700,4790304,13555201,0,1412500,1401,43998910,0,1001,600,600
CE_Benchmark-CE-CONV-OPT2-x1-12-20-1-4-Os-v3-v3,0,20000000,0,1,0.137703,7.90224,158044800,0.0174258,0.00567909,3.06844,CE_Benchmark-CE-CONV-OPT2-x1-12-20-1-4-Os,71233711,1155100,4825603,22557201,0,6136400,1501,40328206,0,1001,501,600
CE_Benchmark-CE-CONV-OPT2-x1-12-20-3-4-Og-v3-v3,0,20000000,0,1,0.510996,29.2579,585158000,0.0174652,0.00569235,3.0682,CE_Benchmark-CE-CONV-OPT2-x1-12-20-3-4-Og,283508615,38190700,16314904,31984901,0,1412500,1401,173025210,0,1001,600,600
CE_Benchmark-CE-CONV-OPT2-x1-12-20-3-4-Os-v3-v3,0,20000000,0,1,0.606328,34.1882,683764000,0.017735,0.00578043,3.06813,CE_Benchmark-CE-CONV-OPT2-x1-12-20-3-4-Os,310842811,10371100,16347903,100890901,0,26872400,1501,176261906,0,1001,501,600
CE_Benchmark-CE-CONV-OPT2-x1-20-4-9-4-Og-v3-v3,0,20000000,0,1,1.98398,113.064,2261280000,0.0175474,0.00571933,3.06809,CE_Benchmark-CE-CONV-OPT2-x1-20-4-9-4-Og,1095804815,159841900,59398104,111819701,0,1322900,1401,682767610,0,1001,600,600
CE_Benchmark-CE-CONV-OPT2-x1-20-4-9-4-Os-v3-v3,0,20000000,0,1,2.39415,134.989,2699780000,0.0177359,0.0057805,3.06822,CE_Benchmark-CE-CONV-OPT2-x1-20-4-9-4-Os,1221599011,51843100,59477103,403045701,0,111723600,1501,695568306,0,1001,501,600
CE_Benchmark-CE-CONV-OPT2-x1-4-4-11-4-Og-v3-v3,0,20000000,0,1,0.115392,6.6223,132446000,0.0174247,0.00567861,3.06849,CE_Benchmark-CE-CONV-OPT2-x1-4-4-11-4-Og,64129015,9467500,3457504,6541701,0,68500,1401,40049210,0,1001,600,600
CE_Benchmark-CE-CONV-OPT2-x1-4-4-11-4-Os-v3-v3,0,20000000,0,1,0.141782,7.90167,158033400,0.0179432,0.00584794,3.06832,CE_Benchmark-CE-CONV-OPT2-x1-4-4-11-4-Os,71476011,3100700,3461703,23623701,0,6584400,1501,40719506,0,1001,501,600
CE_Benchmark-CE-CONV-OPT2-x1-4-4-5-36-Og-v3-v3,0,20000000,0,1,0.246914,14.0123,280246000,0.0176213,0.00574341,3.0681,CE_Benchmark-CE-CONV-OPT2-x1-4-4-5-36-Og,135846015,18837100,7594704,14565901,0,542100,1401,83781810,0,1001,600,600
CE_Benchmark-CE-CONV-OPT2-x1-4-4-5-36-Os-v3-v3,0,20000000,0,1,0.296505,16.6359,332718000,0.0178231,0.00580836,3.06854,CE_Benchmark-CE-CONV-OPT2-x1-4-4-5-36-Os,150831811,5769500,7629503,49417501,0,13566800,1501,85665306,0,1001,501,600
CE_Benchmark-CE-CONV-OPT3-x1-12-12-3-12-Og-v3-v3,0,20000000,0,1,0.631121,35.6409,712818000,0.0177078,0.00577109,3.06836,CE_Benchmark-CE-CONV-OPT3-x1-12-12-3-12-Og,339123015,31624300,29592304,54112101,0,589000,1401,188704010,0,1001,400,600
CE_Benchmark-CE-CONV-OPT3-x1-12-12-3-12-Os-v3-v3,0,20000000,0,1,0.87203,48.6791,973582000,0.0179138,0.0058379,3.06855,CE_Benchmark-CE-CONV-OPT3-x1-12-12-3-12-Os,418264111,18667100,35735403,136276201,0,32058800,1501,247638106,0,1001,501,600
CE_Benchmark-CE-CONV-OPT3-x1-12-20-1-4-Og-v3-v3,0,20000000,0,1,0.115953,6.76471,135294200,0.0171409,0.00558553,3.06883,CE_Benchmark-CE-CONV-OPT3-x1-12-20-1-4-Og,62384015,8238700,4790304,11134701,0,202600,1401,37112010,0,1001,400,600
CE_Benchmark-CE-CONV-OPT3-x1-12-20-1-4-Os-v3-v3,0,20000000,0,1,0.131624,7.51387,150277400,0.0175174,0.00570848,3.06869,CE_Benchmark-CE-CONV-OPT3-x1-12-20-1-4-Os,65269511,1155100,5920003,20090801,0,6084400,1501,37867106,0,1001,501,600
CE_Benchmark-CE-CONV-OPT3-x1-12-20-3-4-Og-v3-v3,0,20000000,0,1,0.348694,19.6197,392394000,0.0177726,0.00579213,3.06842,CE_Benchmark-CE-CONV-OPT3-x1-12-20-3-4-Og,186797715,17454700,16314904,29564401,0,202600,1401,103928010,0,1001,400,600
CE_Benchmark-CE-CONV-OPT3-x1-12-20-3-4-Os-v3-v3,0,20000000,0,1,0.48621,26.9065,538130000,0.0180704,0.00588931,3.06834,CE_Benchmark-CE-CONV-OPT3-x1-12-20-3-4-Os,231150611,10371100,19746303,75384501,0,17604400,1501,136936806,0,1001,501,600
CE_Benchmark-CE-CONV-OPT3-x1-20-4-9-4-Og-v3-v3,0,20000000,0,1,1.22413,68.7589,1375178000,0.0178033,0.00580254,3.06819,CE_Benchmark-CE-CONV-OPT3-x1-20-4-9-4-Og,654364315,56161900,59398104,110218401,0,522600,1401,356430010,0,1001,400,600
CE_Benchmark-CE-CONV-OPT3-x1-20-4-9-4-Os-v3-v3,0,20000000,0,1,1.74242,95.9949,1919898000,0.0181512,0.00591449,3.06894,CE_Benchmark-CE-CONV-OPT3-x1-20-4-9-4-Os,808201211,51843100,65077103,288662501,0,60372400,1501,489033606,0,1001,501,600
CE_Benchmark-CE-CONV-OPT3-x1-4-4-11-4-Og-v3-v3,0,20000000,0,1,0.0700562,3.99791,79958200,0.0175232,0.00570946,3.06919,CE_Benchmark-CE-CONV-OPT3-x1-4-4-11-4-Og,38022915,3272300,3457504,6476401,0,36200,1401,20696010,0,1001,400,600
CE_Benchmark-CE-CONV-OPT3-x1-4-4-11-4-Os-v3-v3,0,20000000,0,1,0.100731,5.56647,111329400,0.018096,0.0058959,3.06927,CE_Benchmark-CE-CONV-OPT3-x1-4-4-11-4-Os,46756611,3100700,3736903,16901301,0,3508400,1501,28367206,0,1001,501,600
CE_Benchmark-CE-CONV-OPT3-x1-4-4-5-36-Og-v3-v3,0,20000000,0,1,0.157944,8.89846,177969200,0.0177496,0.00578371,3.06892,CE_Benchmark-CE-CONV-OPT3-x1-4-4-5-36-Og,84751115,7317100,7594704,13979001,0,250600,1401,46456010,0,1001,400,600
CE_Benchmark-CE-CONV-OPT3-x1-4-4-5-36-Os-v3-v3,0,20000000,0,1,0.22518,12.3736,247472000,0.0181985,0.00592964,3.06908,CE_Benchmark-CE-CONV-OPT3-x1-4-4-5-36-Os,105302811,5769500,8723903,35917501,0,8001200,1501,62967406,0,1001,501,600
CE_Benchmark-CE-CONV-OPT4-x1-12-12-3-12-Og-v3-v3,0,20000000,0,1,0.600177,33.4168,668336000,0.0179604,0.00585188,3.06916,CE_Benchmark-CE-CONV-OPT4-x1-12-12-3-12-Og,295562915,31624300,29592304,62046601,0,574600,1401,180517010,0,1001,600,600
CE_Benchmark-CE-CONV-OPT4-x1-12-12-3-12-Os-v3-v3,0,20000000,0,1,0.887995,48.335,966700000,0.0183717,0.0059857,3.06927,CE_Benchmark-CE-CONV-OPT4-x1-12-12-3-12-Os,413771311,18667100,35735403,125908201,0,65236400,1501,222582106,0,1001,501,600
CE_Benchmark-CE-CONV-OPT4-x1-12-20-1-4-Og-v3-v3,0,20000000,0,1,0.109077,6.3509,127018000,0.0171751,0.00559573,3.06935,CE_Benchmark-CE-CONV-OPT4-x1-12-20-1-4-Og,54315115,8238700,4790304,13318801,0,197800,1401,34840010,0,1001,600,600
CE_Benchmark-CE-CONV-OPT4-x1-12-20-1-4-Os-v3-v3,0,20000000,0,1,0.138769,7.67975,153595000,0.0180695,0.00588739,3.06921,CE_Benchmark-CE-CONV-OPT4-x1-12-20-1-4-Os,65154311,1155100,5920003,21242801,0,10692400,1501,35505506,0,1001,501,600
CE_Benchmark-CE-CONV-OPT4-x1-12-20-3-4-Og-v3-v3,0,20000000,0,1,0.331502,18.3848,367695999,0.0180313,0.00587458,3.06939,CE_Benchmark-CE-CONV-OPT4-x1-12-20-3-4-Og,162600815,17454700,16314904,34052501,0,197800,1401,99354310,0,1001,600,600
CE_Benchmark-CE-CONV-OPT4-x1-12-20-3-4-Os-v3-v3,0,20000000,0,1,0.494528,26.7204,534408000,0.0185075,0.00603007,3.06921,CE_Benchmark-CE-CONV-OPT4-x1-12-20-3-4-Os,228731411,10371100,19746303,69624501,0,36036400,1501,123055206,0,1001,501,600
CE_Benchmark-CE-CONV-OPT4-x1-20-4-9-4-Og-v3-v3,0,20000000,0,1,1.18479,65.1349,1302698000,0.0181898,0.00592509,3.06996,CE_Benchmark-CE-CONV-OPT4-x1-20-4-9-4-Og,583316215,56161900,59398104,116290501,0,514600,1401,350127110,0,1001,600,600
CE_Benchmark-CE-CONV-OPT4-x1-20-4-9-4-Os-v3-v3,0,20000000,0,1,1.75785,93.7294,1874588000,0.0187545,0.00610847,3.07025,CE_Benchmark-CE-CONV-OPT4-x1-20-4-9-4-Os,802761211,51843100,65077103,243222501,0,124372400,1501,431273606,0,1001,501,600
CE_Benchmark-CE-CONV-OPT4-x1-4-4-11-4-Og-v3-v3,0,20000000,0,1,0.0683627,3.79328,75865600,0.018022,0.00586908,3.07071,CE_Benchmark-CE-CONV-OPT4-x1-4-4-11-4-Og,34002015,3272300,3457504,6769301,0,34600,1401,20394310,0,1001,600,600
CE_Benchmark-CE-CONV-OPT4-x1-4-4-11-4-Os-v3-v3,0,20000000,0,1,0.101613,5.42763,108552600,0.0187214,0.00609667,3.07078,CE_Benchmark-CE-CONV-OPT4-x1-4-4-11-4-Os,46487811,3100700,3736903,14110901,0,7194800,1501,24981606,0,1001,501,600
CE_Benchmark-CE-CONV-OPT4-x1-4-4-5-36-Og-v3-v3,0,20000000,0,1,0.152772,8.39186,167837200,0.0182048,0.00592826,3.07086,CE_Benchmark-CE-CONV-OPT4-x1-4-4-5-36-Og,74829415,7317100,7594704,15231901,0,236200,1401,45128510,0,1001,600,600
CE_Benchmark-CE-CONV-OPT4-x1-4-4-5-36-Os-v3-v3,0,20000000,0,1,0.229443,12.1682,243364000,0.018856,0.00614061,3.07071,CE_Benchmark-CE-CONV-OPT4-x1-4-4-5-36-Os,104266011,5769500,8723903,31539901,0,16295600,1501,55997806,0,1001,501,600
CE_Benchmark-CE-CONV-OPT5-x1-12-12-3-12-Og-v3-v3,0,20000000,0,1,0.868555,48.3502,967004000,0.0179638,0.00585148,3.06997,CE_Benchmark-CE-CONV-OPT5-x1-12-12-3-12-Og,452826315,68949100,29592304,54288601,0,590100,1401,288080510,0,1001,600,600
CE_Benchmark-CE-CONV-OPT5-x1-12-12-3-12-Os-v3-v3,0,20000000,0,1,0.702708,38.0356,760712000,0.018475,0.00601842,3.06975,CE_Benchmark-CE-CONV-OPT5-x1-12-12-3-12-Os,318674111,18667300,35577003,101343201,0,23576200,1501,181253206,0,1001,501,600
CE_Benchmark-CE-CONV-OPT5-x1-12-20-1-4-Og-v3-v3,0,20000000,0,1,0.12779,7.28613,145722600,0.0175387,0.00571331,3.06982,CE_Benchmark-CE-CONV-OPT5-x1-12-20-1-4-Og,65724915,10542700,4790304,11193601,0,202900,1401,41667710,0,1001,600,600
CE_Benchmark-CE-CONV-OPT5-x1-12-20-1-4-Os-v3-v3,0,20000000,0,1,0.12419,6.98067,139613400,0.0177905,0.00579527,3.06985,CE_Benchmark-CE-CONV-OPT5-x1-12-20-1-4-Os,58338711,1155300,5867203,19045001,0,8325800,1501,33249406,0,1001,501,600
CE_Benchmark-CE-CONV-OPT5-x1-12-20-3-4-Og-v3-v3,0,20000000,0,1,0.482976,26.6814,533628000,0.0181016,0.00589678,3.06974,CE_Benchmark-CE-CONV-OPT5-x1-12-20-3-4-Og,250042615,38190700,16314904,29623301,0,202900,1401,159171710,0,1001,600,600
CE_Benchmark-CE-CONV-OPT5-x1-12-20-3-4-Os-v3-v3,0,20000000,0,1,0.38987,20.9984,419968000,0.0185666,0.00604866,3.06954,CE_Benchmark-CE-CONV-OPT5-x1-12-20-3-4-Os,175835811,10371300,19693503,55906701,0,12933800,1501,100063106,0,1001,501,600
CE_Benchmark-CE-CONV-OPT5-x1-20-4-9-4-Og-v3-v3,0,20000000,0,1,1.88443,103.819,2076380000,0.0181512,0.00591298,3.06972,CE_Benchmark-CE-CONV-OPT5-x1-20-4-9-4-Og,973404415,159841900,59398104,110379701,0,522900,1401,625078510,0,1001,600,600
CE_Benchmark-CE-CONV-OPT5-x1-20-4-9-4-Os-v3-v3,0,20000000,0,1,1.27165,68.1608,1363216000,0.0186567,0.00607749,3.0698,CE_Benchmark-CE-CONV-OPT5-x1-20-4-9-4-Os,573929611,51843300,64925103,185927101,0,15404200,1501,322617506,0,1001,501,600
CE_Benchmark-CE-CONV-OPT5-x1-4-4-11-4-Og-v3-v3,0,20000000,0,1,0.10853,6.08555,121710999,0.017834,0.00580863,3.07029,CE_Benchmark-CE-CONV-OPT5-x1-4-4-11-4-Og,57031015,9467500,3457504,6484101,0,36500,1401,36666110,0,1001,600,600
CE_Benchmark-CE-CONV-OPT5-x1-4-4-11-4-Os-v3-v3,0,20000000,0,1,0.0728791,3.91848,78369600,0.0185988,0.0060584,3.06997,CE_Benchmark-CE-CONV-OPT5-x1-4-4-11-4-Os,33029011,3100900,3732103,10741901,0,735400,1501,18533506,0,1001,501,600
CE_Benchmark-CE-CONV-OPT5-x1-4-4-5-36-Og-v3-v3,0,20000000,0,1,0.233425,12.8327,256654000,0.0181898,0.00592512,3.06996,CE_Benchmark-CE-CONV-OPT5-x1-4-4-5-36-Og,120351215,18837100,7594704,14047501,0,254100,1401,76832510,0,1001,600,600
CE_Benchmark-CE-CONV-OPT5-x1-4-4-5-36-Os-v3-v3,0,20000000,0,1,0.17125,9.1761,183522000,0.0186626,0.00607952,3.06978,CE_Benchmark-CE-CONV-OPT5-x1-4-4-5-36-Os,77136811,5769700,8680703,24718101,0,3778600,1501,43581706,0,1001,501,600
CE_Benchmark-CE-CONV-OPT6-x1-12-12-3-12-Og-v3-v3,0,20000000,0,1,0.943146,52.456,1049120000,0.0179798,0.00585637,3.07013,CE_Benchmark-CE-CONV-OPT6-x1-12-12-3-12-Og,508813515,68949100,29592304,54288601,0,590100,1401,313055710,0,1001,600,600
CE_Benchmark-CE-CONV-OPT6-x1-12-12-3-12-Os-v3-v3,0,20000000,0,1,0.805374,43.2917,865834000,0.0186034,0.00605942,3.07017,CE_Benchmark-CE-CONV-OPT6-x1-12-12-3-12-Os,378808511,18667300,35577003,117932001,0,21502600,1501,210283606,0,1001,501,600
CE_Benchmark-CE-CONV-OPT6-x1-12-20-1-4-Og-v3-v3,0,20000000,0,1,0.134958,7.69527,153905400,0.0175378,0.00571147,3.07065,CE_Benchmark-CE-CONV-OPT6-x1-12-20-1-4-Og,71484915,10542700,4790304,11193601,0,202900,1401,43998710,0,1001,600,600
CE_Benchmark-CE-CONV-OPT6-x1-12-20-1-4-Os-v3-v3,0,20000000,0,1,0.131476,7.3306,146612000,0.0179352,0.00584104,3.07056,CE_Benchmark-CE-CONV-OPT6-x1-12-20-1-4-Os,64098711,1155300,5867203,19045001,0,7173800,1501,35553406,0,1001,501,600
CE_Benchmark-CE-CONV-OPT6-x1-12-20-3-4-Og-v3-v3,0,20000000,0,1,0.522455,28.9571,579142000,0.0180424,0.00587619,3.07043,CE_Benchmark-CE-CONV-OPT6-x1-12-20-3-4-Og,281146615,38190700,16314904,29623301,0,202900,1401,173025010,0,1001,600,600
CE_Benchmark-CE-CONV-OPT6-x1-12-20-3-4-Os-v3-v3,0,20000000,0,1,0.446377,23.9165,478330000,0.018664,0.00607855,3.07048,CE_Benchmark-CE-CONV-OPT6-x1-12-20-3-4-Os,209243811,10371300,19693503,65122701,0,11781800,1501,116191106,0,1001,501,600
CE_Benchmark-CE-CONV-OPT6-x1-20-4-9-4-Og-v3-v3,0,20000000,0,1,2.03536,112.878,2257560000,0.0180315,0.00587258,3.07046,CE_Benchmark-CE-CONV-OPT6-x1-20-4-9-4-Og,1094364415,159841900,59398104,110379701,0,522900,1401,682767410,0,1001,600,600
CE_Benchmark-CE-CONV-OPT6-x1-20-4-9-4-Os-v3-v3,0,20000000,0,1,1.50188,80.294,1605880000,0.0187047,0.00609152,3.07062,CE_Benchmark-CE-CONV-OPT6-x1-20-4-9-4-Os,700009611,51843300,64925103,237127101,0,14764200,1501,385337506,0,1001,501,600
CE_Benchmark-CE-CONV-OPT6-x1-4-4-11-4-Og-v3-v3,0,20000000,0,1,0.117368,6.61418,132283600,0.017745,0.00577823,3.07103,CE_Benchmark-CE-CONV-OPT6-x1-4-4-11-4-Og,64071015,9467500,3457504,6484101,0,36500,1401,40049010,0,1001,600,600
CE_Benchmark-CE-CONV-OPT6-x1-4-4-11-4-Os-v3-v3,0,20000000,0,1,0.0865078,4.62741,92548200,0.0186947,0.0060876,3.07097,CE_Benchmark-CE-CONV-OPT6-x1-4-4-11-4-Os,40325011,3100900,3732103,13813901,0,709800,1501,22168706,0,1001,501,600
CE_Benchmark-CE-CONV-OPT6-x1-4-4-5-36-Og-v3-v3,0,20000000,0,1,0.251208,13.9453,278906000,0.0180138,0.00586617,3.07081,CE_Benchmark-CE-CONV-OPT6-x1-4-4-5-36-Og,135327215,18837100,7594704,14047501,0,254100,1401,83781610,0,1001,600,600
CE_Benchmark-CE-CONV-OPT6-x1-4-4-5-36-Os-v3-v3,0,20000000,0,1,0.199748,10.6492,212984000,0.018757,0.00610826,3.07077,CE_Benchmark-CE-CONV-OPT6-x1-4-4-5-36-Os,93034411,5769700,8680703,30247701,0,3548200,1501,51415306,0,1001,501,600
CE_Benchmark-CE-CONV-OPT7-x1-12-12-3-12-Og-v3-v3,0,20000000,0,1,0.901455,49.6159,992318000,0.0181687,0.00591663,3.07078,CE_Benchmark-CE-CONV-OPT7-x1-12-12-3-12-Og,477709515,68949100,29592304,54288601,0,590100,1401,288080510,0,1001,600,600
CE_Benchmark-CE-CONV-OPT7-x1-12-12-3-12-Os-v3-v3,0,20000000,0,1,0.842085,46.0252,920504000,0.0182962,0.005958,3.07086,CE_Benchmark-CE-CONV-OPT7-x1-12-12-3-12-Os,372587711,18667300,52165803,117932001,0,21502600,1501,220651606,0,1001,501,600
CE_Benchmark-CE-CONV-OPT7-x1-12-20-1-4-Og-v3-v3,0,20000000,0,1,0.131257,7.40187,148037400,0.017733,0.00577407,3.07116,CE_Benchmark-CE-CONV-OPT7-x1-12-20-1-4-Og,68028915,10542700,4790304,11193601,0,202900,1401,41667710,0,1001,600,600
CE_Benchmark-CE-CONV-OPT7-x1-12-20-1-4-Os-v3-v3,0,20000000,0,1,0.130832,7.21378,144275600,0.0181364,0.0059061,3.0708,CE_Benchmark-CE-CONV-OPT7-x1-12-20-1-4-Os,62946711,1155300,5867203,19045001,0,7173800,1501,34401406,0,1001,501,600
CE_Benchmark-CE-CONV-OPT7-x1-12-20-3-4-Og-v3-v3,0,20000000,0,1,0.498714,27.3826,547652000,0.0182128,0.0059304,3.0711,CE_Benchmark-CE-CONV-OPT7-x1-12-20-3-4-Og,263866615,38190700,16314904,29623301,0,202900,1401,159171710,0,1001,600,600
CE_Benchmark-CE-CONV-OPT7-x1-12-20-3-4-Os-v3-v3,0,20000000,0,1,0.465972,25.4373,508746000,0.0183185,0.00596504,3.07098,CE_Benchmark-CE-CONV-OPT7-x1-12-20-3-4-Os,205787811,10371300,28909503,65122701,0,11781800,1501,121951106,0,1001,501,600
CE_Benchmark-CE-CONV-OPT7-x1-20-4-9-4-Og-v3-v3,0,20000000,0,1,1.94311,106.751,2135020000,0.0182022,0.00592748,3.07082,CE_Benchmark-CE-CONV-OPT7-x1-20-4-9-4-Og,1031004415,159841900,59398104,110379701,0,522900,1401,625078510,0,1001,600,600
CE_Benchmark-CE-CONV-OPT7-x1-20-4-9-4-Os-v3-v3,0,20000000,0,1,1.63194,90.0925,1801850000,0.018114,0.00589873,3.07084,CE_Benchmark-CE-CONV-OPT7-x1-20-4-9-4-Os,694249611,51843300,116125103,237127101,0,14764200,1501,430777506,0,1001,501,600
CE_Benchmark-CE-CONV-OPT7-x1-4-4-11-4-Og-v3-v3,0,20000000,0,1,0.109826,6.25704,125140800,0.0175524,0.00571712,3.07017,CE_Benchmark-CE-CONV-OPT7-x1-4-4-11-4-Og,60410215,9467500,3457504,6484101,0,36500,1401,36666110,0,1001,600,600
CE_Benchmark-CE-CONV-OPT7-x1-4-4-11-4-Os-v3-v3,0,20000000,0,1,0.0922752,5.22218,104443600,0.0176698,0.00575561,3.07005,CE_Benchmark-CE-CONV-OPT7-x1-4-4-11-4-Os,40043411,3100900,6804103,13813901,0,709800,1501,24959106,0,1001,501,600
CE_Benchmark-CE-CONV-OPT7-x1-4-4-5-36-Og-v3-v3,0,20000000,0,1,0.235003,13.1833,263665999,0.0178258,0.00580664,3.06992,CE_Benchmark-CE-CONV-OPT7-x1-4-4-5-36-Og,127263215,18837100,7594704,14047501,0,254100,1401,76832510,0,1001,600,600
CE_Benchmark-CE-CONV-OPT7-x1-4-4-5-36-Os-v3-v3,0,20000000,0,1,0.207969,11.6521,233042000,0.0178482,0.00581415,3.0698,CE_Benchmark-CE-CONV-OPT7-x1-4-4-5-36-Os,91882411,5769700,14210303,30247701,0,3548200,1501,55792906,0,1001,501,600
CE_Benchmark-CE-CONV-OPT8-x1-12-12-3-12-Og-v3-v3,0,20000000,0,1,0.884713,49.7168,994336000,0.017795,0.00579689,3.06976,CE_Benchmark-CE-CONV-OPT8-x1-12-12-3-12-Og,477709515,68949100,29592304,54288601,0,590100,1401,290154110,0,1001,600,600
CE_Benchmark-CE-CONV-OPT8-x1-12-12-3-12-Os-v3-v3,0,20000000,0,1,0.784198,43.2945,865890000,0.0181131,0.00590132,3.06934,CE_Benchmark-CE-CONV-OPT8-x1-12-12-3-12-Os,360146111,18667300,48018603,117932001,0,21502600,1501,191650006,0,1001,501,600
CE_Benchmark-CE-CONV-OPT8-x1-12-20-1-4-Og-v3-v3,0,20000000,0,1,0.127867,7.4602,149204000,0.0171399,0.00558383,3.06958,CE_Benchmark-CE-CONV-OPT8-x1-12-20-1-4-Og,68028915,10542700,4790304,11193601,0,202900,1401,42819710,0,1001,600,600
CE_Benchmark-CE-CONV-OPT8-x1-12-20-1-4-Os-v3-v3,0,20000000,0,1,0.122027,6.98132,139626400,0.0174791,0.00569468,3.06938,CE_Benchmark-CE-CONV-OPT8-x1-12-20-1-4-Os,60642711,1155300,5867203,19045001,0,7173800,1501,32107006,0,1001,501,600
CE_Benchmark-CE-CONV-OPT8-x1-12-20-3-4-Og-v3-v3,0,20000000,0,1,0.486645,27.4409,548818000,0.0177343,0.00577802,3.06928,CE_Benchmark-CE-CONV-OPT8-x1-12-20-3-4-Og,263866615,38190700,16314904,29623301,0,202900,1401,160323710,0,1001,600,600
CE_Benchmark-CE-CONV-OPT8-x1-12-20-3-4-Os-v3-v3,0,20000000,0,1,0.43346,23.9182,478364000,0.0181226,0.00590431,3.06938,CE_Benchmark-CE-CONV-OPT8-x1-12-20-3-4-Os,198875811,10371300,26605503,65122701,0,11781800,1501,105832706,0,1001,501,600
CE_Benchmark-CE-CONV-OPT8-x1-20-4-9-4-Og-v3-v3,0,20000000,0,1,1.89304,106.766,2135320000,0.0177307,0.00577706,3.06916,CE_Benchmark-CE-CONV-OPT8-x1-20-4-9-4-Og,1031004415,159841900,59398104,110379701,0,522900,1401,625718510,0,1001,600,600
CE_Benchmark-CE-CONV-OPT8-x1-20-4-9-4-Os-v3-v3,0,20000000,0,1,1.54015,85.5648,1711296000,0.0179998,0.00586571,3.06864,CE_Benchmark-CE-CONV-OPT8-x1-20-4-9-4-Os,682729611,51843300,111005103,237127101,0,14764200,1501,368073506,0,1001,501,600
CE_Benchmark-CE-CONV-OPT8-x1-4-4-11-4-Og-v3-v3,0,20000000,0,1,0.108972,6.25888,125177600,0.0174108,0.00567298,3.06911,CE_Benchmark-CE-CONV-OPT8-x1-4-4-11-4-Og,60410215,9467500,3457504,6484101,0,36500,1401,36691710,0,1001,600,600
CE_Benchmark-CE-CONV-OPT8-x1-4-4-11-4-Os-v3-v3,0,20000000,0,1,0.089179,4.97037,99407400,0.0179421,0.00584647,3.06892,CE_Benchmark-CE-CONV-OPT8-x1-4-4-11-4-Os,39480211,3100900,6548103,13813901,0,709800,1501,21327106,0,1001,501,600
CE_Benchmark-CE-CONV-OPT8-x1-4-4-5-36-Og-v3-v3,0,20000000,0,1,0.232878,13.1946,263892000,0.0176494,0.00575035,3.06929,CE_Benchmark-CE-CONV-OPT8-x1-4-4-5-36-Og,127263215,18837100,7594704,14047501,0,254100,1401,77062910,0,1001,600,600
CE_Benchmark-CE-CONV-OPT8-x1-4-4-5-36-Os-v3-v3,0,20000000,0,1,0.197964,11.0007,220014000,0.0179956,0.0058632,3.06926,CE_Benchmark-CE-CONV-OPT8-x1-4-4-5-36-Os,89578411,5769700,13288703,30247701,0,3548200,1501,47988106,0,1001,501,600
CE_Benchmark-CE-FC-OPT1-x1-1-1024-4-Og-v3-v3,0,20000000,0,1,0.0104186,0.60462,12092400,0.0172316,0.00561366,3.06975,CE_Benchmark-CE-FC-OPT1-x1-1-1024-4-Og,5344715,1229500,411104,822801,0,3300,1301,3287609,0,201,101,200
CE_Benchmark-CE-FC-OPT1-x1-1-1024-4-Os-v3-v3,0,20000000,0,1,0.00915968,0.521225,10424500,0.0175734,0.00572489,3.06982,CE_Benchmark-CE-FC-OPT1-x1-1-1024-4-Os,3702811,409900,820503,1234201,0,3200,1201,2466607,0,201,0,200
CE_Benchmark-CE-FC-OPT1-x1-1-32-4-Og-v3-v3,0,20000000,0,1,0.000373402,0.021135,422700,0.0176675,0.00576948,3.06984,CE_Benchmark-CE-FC-OPT1-x1-1-32-4-Og,186215,39100,14304,29201,0,3300,1301,113210,0,201,0,200
CE_Benchmark-CE-FC-OPT1-x1-1-32-4-Os-v3-v3,0,20000000,0,1,0.000324326,0.018285,365700,0.0177373,0.00579504,3.06951,CE_Benchmark-CE-FC-OPT1-x1-1-32-4-Os,131511,13100,26903,43801,0,3200,1201,85707,0,201,100,200
CE_Benchmark-CE-FC-OPT1-x1-32-32-64-Og-v3-v3,0,20000000,0,1,0.177826,9.97443,199488600,0.0178282,0.00580916,3.069,CE_Benchmark-CE-FC-OPT1-x1-32-32-64-Og,88722415,19865900,6765704,13318301,0,207700,1301,54297810,0,201,0,200
CE_Benchmark-CE-FC-OPT1-x1-32-32-64-Os-v3-v3,0,20000000,0,1,0.153451,8.65723,173144600,0.0177251,0.00577547,3.06906,CE_Benchmark-CE-FC-OPT1-x1-32-32-64-Os,62114311,6553900,13319103,20908101,0,210700,1201,40990507,0,201,100,200
CE_Benchmark-CE-FC-OPT1-x1-32-64-32-Og-v3-v3,0,20000000,0,1,0.17216,9.8093,196186000,0.0175507,0.00571863,3.06906,CE_Benchmark-CE-FC-OPT1-x1-32-64-32-Og,86981615,19763500,6663304,13215901,0,105300,1301,53376210,0,201,0,200
CE_Benchmark-CE-FC-OPT1-x1-32-64-32-Os-v3-v3,0,20000000,0,1,0.150764,8.48563,169712600,0.0177669,0.00578882,3.06921,CE_Benchmark-CE-FC-OPT1-x1-32-64-32-Os,60578311,6553900,13216703,20293701,0,108300,1201,40171307,0,201,100,200
CE_Benchmark-CE-FC-OPT1-x1-64-32-32-Og-v3-v3,0,20000000,0,1,0.177236,9.97965,199593000,0.0177597,0.00578657,3.06914,CE_Benchmark-CE-FC-OPT1-x1-64-32-32-Og,88754415,19865900,6772104,13321501,0,207700,1301,54317010,0,201,0,200
CE_Benchmark-CE-FC-OPT1-x1-64-32-32-Os-v3-v3,0,20000000,0,1,0.154147,8.66259,173251800,0.0177946,0.00579828,3.06895,CE_Benchmark-CE-FC-OPT1-x1-64-32-32-Os,62165511,6553900,13325503,20924101,0,213900,1201,41016107,0,201,100,200
CE_Benchmark-CE-FC-OPT2-x1-1-1024-4-Og-v3-v3,0,20000000,0,1,0.0107497,0.626105,12522100,0.0171692,0.00559348,3.0697,CE_Benchmark-CE-FC-OPT2-x1-1-1024-4-Og,5350415,1229500,411704,823901,0,4200,1301,3700509,0,201,101,200
CE_Benchmark-CE-FC-OPT2-x1-1-1024-4-Os-v3-v3,0,20000000,0,1,0.00822034,0.45987,9197400,0.0178753,0.0058242,3.0695,CE_Benchmark-CE-FC-OPT2-x1-1-1024-4-Os,3709711,409900,412203,1646101,0,3600,1201,2061007,0,201,0,200
CE_Benchmark-CE-FC-OPT2-x1-1-32-4-Og-v3-v3,0,20000000,0,1,0.000396754,0.02244,448800,0.0176807,0.00577067,3.06953,CE_Benchmark-CE-FC-OPT2-x1-1-32-4-Og,191915,39100,14904,30301,0,4200,1301,129310,0,201,0,200
CE_Benchmark-CE-FC-OPT2-x1-1-32-4-Os-v3-v3,0,20000000,0,1,0.000309703,0.01723,344600,0.0179746,0.00586591,3.06965,CE_Benchmark-CE-FC-OPT2-x1-1-32-4-Os,138411,13100,15403,58901,0,3600,1201,76907,0,201,100,200
CE_Benchmark-CE-FC-OPT2-x1-32-32-64-Og-v3-v3,0,20000000,0,1,0.184907,10.3766,207532000,0.0178196,0.00580548,3.06945,CE_Benchmark-CE-FC-OPT2-x1-32-32-64-Og,89388315,19865900,6772104,13334301,0,419000,1301,61286910,0,201,0,200
CE_Benchmark-CE-FC-OPT2-x1-32-32-64-Os-v3-v3,0,20000000,0,1,0.141239,7.77227,155445400,0.0181722,0.00592119,3.06901,CE_Benchmark-CE-FC-OPT2-x1-32-32-64-Os,62792811,6553900,7181403,27292101,0,214000,1201,34884907,0,201,100,200
CE_Benchmark-CE-FC-OPT2-x1-32-64-32-Og-v3-v3,0,20000000,0,1,0.178622,10.1747,203494000,0.0175556,0.00572008,3.06913,CE_Benchmark-CE-FC-OPT2-x1-32-64-32-Og,87298715,19763500,6663304,13222301,0,211000,1301,60138110,0,201,0,200
CE_Benchmark-CE-FC-OPT2-x1-32-64-32-Os-v3-v3,0,20000000,0,1,0.1375,7.5415,150830000,0.0182324,0.00594061,3.06912,CE_Benchmark-CE-FC-OPT2-x1-32-64-32-Os,60892011,6553900,6867803,26754501,0,108400,1201,33828907,0,201,100,200
CE_Benchmark-CE-FC-OPT2-x1-64-32-32-Og-v3-v3,0,20000000,0,1,0.183674,10.3701,207402000,0.0177119,0.00577124,3.06901,CE_Benchmark-CE-FC-OPT2-x1-64-32-32-Og,89346715,19865900,6765704,13324701,0,415800,1301,61264510,0,201,0,200
CE_Benchmark-CE-FC-OPT2-x1-64-32-32-Os-v3-v3,0,20000000,0,1,0.140572,7.76455,155291000,0.0181044,0.00589883,3.06916,CE_Benchmark-CE-FC-OPT2-x1-64-32-32-Os,62735211,6553900,7175003,27266501,0,210800,1201,34852907,0,201,100,200
CE_Benchmark-CE-FC-OPT3-x1-1-1024-4-Og-v3-v3,0,20000000,0,1,0.0100544,0.5846,11692000,0.0171988,0.00560384,3.06933,CE_Benchmark-CE-FC-OPT3-x1-1-1024-4-Og,4940815,1229500,411704,823901,0,4200,1301,3291109,0,201,101,200
CE_Benchmark-CE-FC-OPT3-x1-1-1024-4-Os-v3-v3,0,20000000,0,1,0.00681303,0.376705,7534100,0.0180859,0.00589317,3.06929,CE_Benchmark-CE-FC-OPT3-x1-1-1024-4-Os,2890111,409900,412203,1236501,0,3600,1201,1651007,0,201,0,200
CE_Benchmark-CE-FC-OPT3-x1-1-32-4-Og-v3-v3,0,20000000,0,1,0.000375637,0.021145,422900,0.0177648,0.00580188,3.06948,CE_Benchmark-CE-FC-OPT3-x1-1-32-4-Og,179115,39100,14904,30301,0,4200,1301,116710,0,201,0,200
CE_Benchmark-CE-FC-OPT3-x1-1-32-4-Os-v3-v3,0,20000000,0,1,0.00026552,0.014585,291700,0.018205,0.00594352,3.06946,CE_Benchmark-CE-FC-OPT3-x1-1-32-4-Os,112411,13100,15403,46101,0,3600,1201,63707,0,201,100,200
CE_Benchmark-CE-FC-OPT3-x1-32-32-64-Og-v3-v3,0,20000000,0,1,0.172601,9.71059,194211800,0.0177745,0.00579126,3.06922,CE_Benchmark-CE-FC-OPT3-x1-32-32-64-Og,82834715,19865900,6772104,13334301,0,419000,1301,54739510,0,201,0,200
CE_Benchmark-CE-FC-OPT3-x1-32-32-64-Os-v3-v3,0,20000000,0,1,0.118507,6.42192,128438400,0.0184536,0.00601309,3.06893,CE_Benchmark-CE-FC-OPT3-x1-32-32-64-Os,49480811,6553900,7181403,20738501,0,214000,1201,28126507,0,201,100,200
CE_Benchmark-CE-FC-OPT3-x1-32-64-32-Og-v3-v3,0,20000000,0,1,0.16692,9.50831,190166200,0.0175551,0.00572012,3.06903,CE_Benchmark-CE-FC-OPT3-x1-32-64-32-Og,80745115,19763500,6663304,13222301,0,211000,1301,53587510,0,201,0,200
CE_Benchmark-CE-FC-OPT3-x1-32-64-32-Os-v3-v3,0,20000000,0,1,0.114291,6.20141,124028200,0.0184298,0.00600537,3.06893,CE_Benchmark-CE-FC-OPT3-x1-32-64-32-Os,47682411,6553900,6867803,20200901,0,108400,1201,27172907,0,201,100,200
CE_Benchmark-CE-FC-OPT3-x1-64-32-32-Og-v3-v3,0,20000000,0,1,0.17236,9.70497,194099400,0.01776,0.0057869,3.06901,CE_Benchmark-CE-FC-OPT3-x1-64-32-32-Og,82793115,19865900,6765704,13324701,0,415800,1301,54713910,0,201,0,200
CE_Benchmark-CE-FC-OPT3-x1-64-32-32-Os-v3-v3,0,20000000,0,1,0.118019,6.41449,128289800,0.0183987,0.00599551,3.06877,CE_Benchmark-CE-FC-OPT3-x1-64-32-32-Os,49423211,6553900,7175003,20712901,0,210800,1201,28094507,0,201,100,200
CE_Benchmark-CE-MaxPool-OPT1-x1-16-16-3-Og-v3-v3,0,20000000,0,1,0.0339789,2.02156,40431200,0.0168082,0.00547481,3.07017,CE_Benchmark-CE-MaxPool-OPT1-x1-16-16-3-Og,18931415,1462200,1674104,2704101,0,1183700,1201,10606509,0,1001,701,600
CE_Benchmark-CE-MaxPool-OPT1-x1-16-16-3-Os-v3-v3,0,20000000,0,1,0.0454332,2.67429,53485800,0.0169889,0.00553373,3.07012,CE_Benchmark-CE-MaxPool-OPT1-x1-16-16-3-Os,25366311,8100,2328203,4715301,0,1813300,1301,13896306,0,1001,401,600
CE_Benchmark-CE-MaxPool-OPT1-x1-16-4-3-Og-v3-v3,0,20000000,0,1,0.00860573,0.507255,10145100,0.0169653,0.00552534,3.0707,CE_Benchmark-CE-MaxPool-OPT1-x1-16-4-3-Og,4762415,366600,421304,682101,0,302600,1201,2668209,0,1001,701,600
CE_Benchmark-CE-MaxPool-OPT1-x1-16-4-3-Os-v3-v3,0,20000000,0,1,0.0114066,0.669815,13396300,0.0170294,0.0055463,3.07056,CE_Benchmark-CE-MaxPool-OPT1-x1-16-4-3-Os,6372311,3300,581403,1184901,0,459700,1301,3489906,0,1001,401,600
CE_Benchmark-CE-MaxPool-OPT1-x1-32-4-11-Og-v3-v3,0,20000000,0,1,0.195402,11.3194,226388000,0.0172625,0.0056229,3.07005,CE_Benchmark-CE-MaxPool-OPT1-x1-32-4-11-Og,110112615,7211400,8251704,14285301,0,7055300,1201,59840109,0,1001,701,600
CE_Benchmark-CE-MaxPool-OPT1-x1-32-4-11-Os-v3-v3,0,20000000,0,1,0.290346,16.79,335800000,0.0172928,0.00563261,3.07012,CE_Benchmark-CE-MaxPool-OPT1-x1-32-4-11-Os,168352111,3300,11160003,28573701,0,13301300,1301,87494706,0,1001,401,600
CE_Benchmark-CE-MaxPool-OPT1-x1-32-4-3-Og-v3-v3,0,20000000,0,1,0.0348819,2.06453,41290600,0.0168958,0.00550266,3.07054,CE_Benchmark-CE-MaxPool-OPT1-x1-32-4-3-Og,19405015,1499400,1707504,2736501,0,1209300,1201,10787709,0,1001,701,600
CE_Benchmark-CE-MaxPool-OPT1-x1-32-4-3-Os-v3-v3,0,20000000,0,1,0.0470655,2.76056,55211200,0.0170493,0.00555268,3.07052,CE_Benchmark-CE-MaxPool-OPT1-x1-32-4-3-Os,26258911,3300,2387803,4813701,0,1880500,1301,14373106,0,1001,401,600
CE_Benchmark-CE-MaxPool-OPT1-x1-32-4-7-Og-v3-v3,0,20000000,0,1,0.112001,6.59868,131973600,0.0169733,0.00552898,3.06991,CE_Benchmark-CE-MaxPool-OPT1-x1-32-4-7-Og,63807815,4235400,5022904,8275701,0,4018500,1201,34753709,0,1001,701,600
CE_Benchmark-CE-MaxPool-OPT1-x1-32-4-7-Os-v3-v3,0,20000000,0,1,0.165489,9.66878,193375600,0.0171158,0.00557467,3.07029,CE_Benchmark-CE-MaxPool-OPT1-x1-32-4-7-Os,95863811,3300,6869903,16453701,0,7416500,1301,50401106,0,1001,401,600
CE_Benchmark-CE-MaxPool-OPT1-x1-8-4-3-Og-v3-v3,0,20000000,0,1,0.00211115,0.123585,2471700,0.0170826,0.00556411,3.07092,CE_Benchmark-CE-MaxPool-OPT1-x1-8-4-3-Og,1164415,88200,104704,173301,0,79000,1201,662209,0,1001,701,600
CE_Benchmark-CE-MaxPool-OPT1-x1-8-4-3-Os-v3-v3,0,20000000,0,1,0.0027302,0.159005,3180100,0.0171705,0.00559258,3.07083,CE_Benchmark-CE-MaxPool-OPT1-x1-8-4-3-Os,1515211,3300,140703,292101,0,114100,1301,832306,0,1001,401,600
CE_Benchmark-CE-MaxPool-OPT1-x1-8-64-3-Og-v3-v3,0,20000000,0,1,0.0327465,1.94261,38852200,0.0168569,0.00549094,3.07,CE_Benchmark-CE-MaxPool-OPT1-x1-8-64-3-Og,18057415,1390200,1616704,2651301,0,1136500,1201,10269709,0,1001,701,600
CE_Benchmark-CE-MaxPool-OPT1-x1-8-64-3-Os-v3-v3,0,20000000,0,1,0.04298,2.51233,50246600,0.0171076,0.00557243,3.07011,CE_Benchmark-CE-MaxPool-OPT1-x1-8-64-3-Os,23685311,27300,2210603,4552101,0,1698100,1301,13000306,0,1001,401,600
CE_Benchmark-CE-MaxPool-OPT2-x1-16-16-3-Og-v3-v3,0,20000000,0,1,0.0258214,1.52344,30468799,0.0169494,0.00552038,3.07039,CE_Benchmark-CE-MaxPool-OPT2-x1-16-16-3-Og,13742315,1462200,1570104,1921701,0,138000,1201,8113509,0,1001,701,600
CE_Benchmark-CE-MaxPool-OPT2-x1-16-16-3-Os-v3-v3,0,20000000,0,1,0.0396972,2.32801,46560200,0.017052,0.0055533,3.07067,CE_Benchmark-CE-MaxPool-OPT2-x1-16-16-3-Os,21475111,11400,2229303,3529801,0,1739200,1301,12515706,0,1001,401,600
CE_Benchmark-CE-MaxPool-OPT2-x1-16-4-3-Og-v3-v3,0,20000000,0,1,0.00654979,0.38265,7653000,0.0171169,0.00557484,3.07054,CE_Benchmark-CE-MaxPool-OPT2-x1-16-4-3-Og,3464915,366600,395304,486501,0,40800,1201,2044809,0,1001,701,600
CE_Benchmark-CE-MaxPool-OPT2-x1-16-4-3-Os-v3-v3,0,20000000,0,1,0.00991442,0.583565,11671300,0.0169894,0.00553379,3.07035,CE_Benchmark-CE-MaxPool-OPT2-x1-16-4-3-Os,5398311,4200,558103,888601,0,442600,1301,3144906,0,1001,401,600
CE_Benchmark-CE-MaxPool-OPT2-x1-32-4-11-Og-v3-v3,0,20000000,0,1,0.137446,8.03512,160702399,0.0171057,0.00557136,3.07031,CE_Benchmark-CE-MaxPool-OPT2-x1-32-4-11-Og,74371915,7211400,8193704,7924901,0,76000,1201,44331909,0,1001,701,600
CE_Benchmark-CE-MaxPool-OPT2-x1-32-4-11-Os-v3-v3,0,20000000,0,1,0.254039,14.788,295760000,0.0171788,0.00559664,3.06949,CE_Benchmark-CE-MaxPool-OPT2-x1-32-4-11-Os,143975511,4200,11104103,20605401,0,12653600,1301,81157706,0,1001,401,600
CE_Benchmark-CE-MaxPool-OPT2-x1-32-4-3-Og-v3-v3,0,20000000,0,1,0.0263613,1.5537,31074000,0.0169668,0.00552737,3.06971,CE_Benchmark-CE-MaxPool-OPT2-x1-32-4-3-Og,14046715,1499400,1604704,1936101,0,124000,1201,8260309,0,1001,701,600
CE_Benchmark-CE-MaxPool-OPT2-x1-32-4-3-Os-v3-v3,0,20000000,0,1,0.0414802,2.44752,48950400,0.0169479,0.00552107,3.06974,CE_Benchmark-CE-MaxPool-OPT2-x1-32-4-3-Os,22695111,4200,2288703,3605401,0,1843600,1301,13301706,0,1001,401,600
CE_Benchmark-CE-MaxPool-OPT2-x1-32-4-7-Og-v3-v3,0,20000000,0,1,0.0801155,4.73605,94721000,0.0169161,0.00551077,3.06968,CE_Benchmark-CE-MaxPool-OPT2-x1-32-4-7-Og,43527115,4235400,4944104,4887301,0,98400,1201,25846309,0,1001,701,600
CE_Benchmark-CE-MaxPool-OPT2-x1-32-4-7-Os-v3-v3,0,20000000,0,1,0.145138,8.56569,171313800,0.0169441,0.00551992,3.06964,CE_Benchmark-CE-MaxPool-OPT2-x1-32-4-7-Os,82544811,4200,6794003,11939001,0,7139600,1301,46970506,0,1001,401,600
CE_Benchmark-CE-MaxPool-OPT2-x1-8-4-3-Og-v3-v3,0,20000000,0,1,0.00161308,0.09404,1880800,0.0171531,0.005591,3.06937,CE_Benchmark-CE-MaxPool-OPT2-x1-8-4-3-Og,860515,88200,97904,126501,0,18400,1201,510809,0,1001,701,600
CE_Benchmark-CE-MaxPool-OPT2-x1-8-4-3-Os-v3-v3,0,20000000,0,1,0.00230842,0.134545,2690900,0.0171572,0.00559145,3.06969,CE_Benchmark-CE-MaxPool-OPT2-x1-8-4-3-Os,1241011,4200,136003,221401,0,105900,1301,716106,0,1001,401,600
CE_Benchmark-CE-MaxPool-OPT2-x1-8-64-3-Og-v3-v3,0,20000000,0,1,0.0249519,1.47028,29405600,0.0169708,0.0055287,3.06968,CE_Benchmark-CE-MaxPool-OPT2-x1-8-64-3-Og,13199515,1390200,1507904,1902501,0,168400,1201,7850309,0,1001,701,600
CE_Benchmark-CE-MaxPool-OPT2-x1-8-64-3-Os-v3-v3,0,20000000,0,1,0.0361055,2.11824,42364800,0.017045,0.00555324,3.06946,CE_Benchmark-CE-MaxPool-OPT2-x1-8-64-3-Os,19311311,40200,2117703,3419401,0,1557900,1301,11138106,0,1001,401,600
